{
  "images" : [
    {
      "idiom" : "universal",
      "scale" : "1x"
    },
    {
      "idiom" : "universal",
      "filename" : "ad_background@2x.png",
      "scale" : "2x"
    },
    {
      "idiom" : "universal",
      "filename" : "ad_background@3x.png",
      "scale" : "3x"
    },
    {
      "idiom" : "universal",
      "filename" : "ad_background-568h@2x.png",
      "subtype" : "retina4",
      "scale" : "2x"
    },
    {
      "idiom" : "universal",
      "filename" : "ad_background-667h@2x.png",
      "subtype" : "667h",
      "scale" : "2x"
    },
    {
      "idiom" : "universal",
      "filename" : "ad_background-736h@3x.png",
      "subtype" : "736h",
      "scale" : "3x"
    }
  ],
  "info" : {
    "version" : 1,
    "author" : "xcode"
  }
}